{"stats":{"minecraft:picked_up":{"minecraft:rotten_flesh":2},"minecraft:custom":{"minecraft:jump":30,"minecraft:time_since_rest":7314,"minecraft:crouch_one_cm":83,"minecraft:open_enderchest":1,"minecraft:damage_taken":410,"minecraft:leave_game":2,"minecraft:play_time":8914,"minecraft:sprint_one_cm":4063,"minecraft:walk_one_cm":5778,"minecraft:time_since_death":7263,"minecraft:deaths":1,"minecraft:sneak_time":47,"minecraft:total_world_time":8914,"minecraft:fly_one_cm":7040},"minecraft:used":{"minecraft:rotten_flesh":2}},"DataVersion":3465}