{"stats":{"minecraft:crafted":{"minecraft:wooden_sword":1,"minecraft:crimson_planks":20,"minecraft:crafting_table":1,"minecraft:stick":8,"minecraft:wooden_pickaxe":1,"minecraft:wooden_axe":1},"minecraft:picked_up":{"minecraft:netherite_boots":1,"minecraft:crafting_table":1,"minecraft:rotten_flesh":2,"minecraft:crimson_stem":9,"minecraft:netherite_helmet":1,"minecraft:netherite_sword":1,"minecraft:nether_wart_block":1,"minecraft:netherite_chestplate":1,"minecraft:netherite_leggings":1},"minecraft:custom":{"minecraft:time_since_rest":121,"minecraft:damage_taken":1068,"minecraft:crouch_one_cm":424,"minecraft:play_time":19021,"minecraft:sprint_one_cm":16560,"minecraft:open_enderchest":1,"minecraft:walk_one_cm":18802,"minecraft:deaths":4,"minecraft:sneak_time":462,"minecraft:jump":189,"minecraft:damage_dealt":178,"minecraft:leave_game":5,"minecraft:time_since_death":90,"minecraft:total_world_time":19021,"minecraft:interact_with_crafting_table":1,"minecraft:fall_one_cm":1793,"minecraft:fly_one_cm":63593},"minecraft:mined":{"minecraft:nether_wart_block":1,"minecraft:crafting_table":1,"minecraft:crimson_stem":10},"minecraft:used":{"minecraft:netherite_boots":1,"minecraft:rotten_flesh":2,"minecraft:wooden_axe":6,"minecraft:netherite_leggings":1,"minecraft:crafting_table":1,"minecraft:netherite_chestplate":1,"minecraft:netherite_helmet":1},"minecraft:killed_by":{"minecraft:zombie":2,"minecraft:player":1}},"DataVersion":3465}