{"stats":{"minecraft:picked_up":{"minecraft:rotten_flesh":2,"minecraft:gunpowder":1,"minecraft:string":1},"minecraft:dropped":{"minecraft:rotten_flesh":2,"minecraft:string":1},"minecraft:killed":{"minecraft:spider":1},"minecraft:custom":{"minecraft:time_since_rest":550,"minecraft:damage_taken":612,"minecraft:damage_absorbed":80,"minecraft:crouch_one_cm":501,"minecraft:sprint_one_cm":9138,"minecraft:play_time":7234,"minecraft:open_enderchest":1,"minecraft:deaths":2,"minecraft:walk_one_cm":12618,"minecraft:sneak_time":169,"minecraft:mob_kills":1,"minecraft:drop":2,"minecraft:jump":110,"minecraft:damage_dealt":150,"minecraft:leave_game":5,"minecraft:time_since_death":518,"minecraft:total_world_time":7234,"minecraft:damage_dealt_absorbed":3,"minecraft:fall_one_cm":209,"minecraft:fly_one_cm":24475},"minecraft:used":{"minecraft:netherite_sword":1,"minecraft:netherite_boots":1,"minecraft:netherite_leggings":1,"minecraft:netherite_chestplate":1,"minecraft:netherite_helmet":1,"minecraft:totem_of_undying":1},"minecraft:killed_by":{"minecraft:player":1}},"DataVersion":3465}