{"stats":{"minecraft:picked_up":{"minecraft:golden_carrot":24,"minecraft:rotten_flesh":2,"minecraft:leather":1,"minecraft:beef":3,"minecraft:gunpowder":1,"minecraft:string":1},"minecraft:dropped":{"minecraft:rotten_flesh":2,"minecraft:string":1},"minecraft:killed":{"minecraft:spider":1},"minecraft:custom":{"minecraft:time_since_rest":4631,"minecraft:damage_taken":11067,"minecraft:damage_absorbed":80,"minecraft:crouch_one_cm":2143,"minecraft:play_time":22480,"minecraft:sprint_one_cm":19377,"minecraft:open_enderchest":1,"minecraft:deaths":4,"minecraft:walk_one_cm":20621,"minecraft:sneak_time":913,"minecraft:walk_under_water_one_cm":14144,"minecraft:mob_kills":1,"minecraft:drop":2,"minecraft:jump":241,"minecraft:damage_dealt":168,"minecraft:leave_game":14,"minecraft:time_since_death":4595,"minecraft:walk_on_water_one_cm":1717,"minecraft:climb_one_cm":493,"minecraft:total_world_time":22480,"minecraft:damage_dealt_absorbed":3,"minecraft:swim_one_cm":8069,"minecraft:fall_one_cm":99822,"minecraft:fly_one_cm":70545},"minecraft:used":{"minecraft:netherite_sword":1,"minecraft:netherite_boots":1,"minecraft:golden_carrot":4,"minecraft:netherite_leggings":1,"minecraft:netherite_chestplate":1,"minecraft:netherite_helmet":1,"minecraft:totem_of_undying":1},"minecraft:killed_by":{"minecraft:player":1}},"DataVersion":3465}