{"stats":{"minecraft:crafted":{"minecraft:netherite_chestplate":1,"minecraft:diamond_helmet":1,"minecraft:diamond_leggings":1,"minecraft:netherite_helmet":1,"minecraft:diamond_boots":1,"minecraft:air":0,"minecraft:diamond_chestplate":1},"minecraft:dropped":{"minecraft:water_bucket":10,"minecraft:diamond_axe":1,"minecraft:chorus_fruit":2,"minecraft:smithing_table":1,"minecraft:netherite_chestplate":9,"minecraft:netherite_helmet":10,"minecraft:crossbow":5,"minecraft:spectral_arrow":64,"minecraft:command_block":1,"minecraft:grass_block":1,"minecraft:netherite_scrap":2,"minecraft:brush":1,"minecraft:golden_carrot":24,"minecraft:sculk_catalyst":1,"minecraft:yellow_shulker_box":1,"minecraft:netherite_boots":10,"minecraft:amethyst_shard":2,"minecraft:netherite_ingot":2,"minecraft:netherite_sword":8,"minecraft:stone_shovel":1,"minecraft:rotten_flesh":2,"minecraft:enchanted_golden_apple":128,"minecraft:diamond_shovel":1,"minecraft:ender_eye":1,"minecraft:totem_of_undying":2,"minecraft:netherite_leggings":9,"minecraft:diamond_sword":1,"minecraft:shield":3,"minecraft:arrow":165,"minecraft:bow":4,"minecraft:splash_potion":2},"minecraft:picked_up":{"minecraft:shulker_shell":10,"minecraft:splash_potion":10,"minecraft:smithing_table":1,"minecraft:diamond_sword":1,"minecraft:enchanted_book":1,"minecraft:shield":3,"minecraft:string":3,"minecraft:netherite_scrap":1,"minecraft:netherite_ingot":1,"minecraft:experience_bottle":2,"minecraft:pink_shulker_box":9,"minecraft:diamond_leggings":1,"minecraft:gold_nugget":11,"minecraft:netherite_sword":6,"minecraft:oak_boat":2,"minecraft:enchanted_golden_apple":116,"minecraft:end_stone":89,"minecraft:porkchop":3,"minecraft:netherite_shovel":1,"minecraft:cake":1,"minecraft:pointed_dripstone":1,"minecraft:redstone":1,"minecraft:arrow":317,"minecraft:diamond_chestplate":1,"minecraft:rotten_flesh":27,"minecraft:diamond_boots":1,"minecraft:totem_of_undying":8,"minecraft:netherite_chestplate":3,"minecraft:mutton":2,"minecraft:cod":3,"minecraft:snowball":16,"minecraft:white_wool":1,"minecraft:netherite_boots":4,"minecraft:yellow_shulker_box":2,"minecraft:golden_carrot":128,"minecraft:water_bucket":9,"minecraft:gunpowder":14,"minecraft:netherite_leggings":3,"minecraft:bone":6,"minecraft:glass":1,"minecraft:bow":3,"minecraft:netherite_axe":1,"minecraft:diamond_helmet":1,"minecraft:sculk_catalyst":1,"minecraft:ghast_tear":1,"minecraft:cooked_porkchop":5,"minecraft:quartz":1,"minecraft:amethyst_shard":1,"minecraft:grass_block":1,"minecraft:leather_helmet":1,"minecraft:netherite_helmet":4,"minecraft:crossbow":2,"minecraft:diamond_axe":1,"minecraft:golden_apple":50,"minecraft:netherrack":5,"minecraft:chorus_fruit":3,"minecraft:nether_star":1,"minecraft:diamond_pickaxe":1,"minecraft:ender_pearl":1},"minecraft:broken":{"minecraft:netherite_helmet":2,"minecraft:netherite_leggings":1,"minecraft:netherite_boots":1},"minecraft:killed":{"minecraft:vex":1,"minecraft:zombified_piglin":4,"minecraft:witch":1,"minecraft:spider":4,"minecraft:vindicator":1,"minecraft:zombie_horse":1,"minecraft:zoglin":9,"minecraft:shulker":17,"minecraft:wither":2,"minecraft:phantom":2,"minecraft:horse":1,"minecraft:skeleton":2,"minecraft:chicken":1,"minecraft:warden":2,"minecraft:piglin_brute":4,"minecraft:piglin":8,"minecraft:pig":10,"minecraft:sniffer":5,"minecraft:ender_dragon":2,"minecraft:ravager":1,"minecraft:creeper":21,"minecraft:polar_bear":6,"minecraft:sheep":2,"minecraft:pillager":7,"minecraft:zombie":15,"minecraft:mooshroom":1,"minecraft:ghast":1,"minecraft:wither_skeleton":6,"minecraft:enderman":4,"minecraft:blaze":6},"minecraft:custom":{"minecraft:interact_with_smithing_table":7,"minecraft:mob_kills":169,"minecraft:interact_with_anvil":3,"minecraft:open_barrel":24,"minecraft:open_shulker_box":52,"minecraft:damage_dealt_resisted":144,"minecraft:leave_game":79,"minecraft:time_since_death":400925,"minecraft:climb_one_cm":1443,"minecraft:damage_resisted":7438,"minecraft:sprint_one_cm":1146276,"minecraft:walk_one_cm":782807,"minecraft:damage_blocked_by_shield":2072,"minecraft:drop":125,"minecraft:damage_dealt_absorbed":8124,"minecraft:play_time":1939258,"minecraft:deaths":68,"minecraft:sneak_time":22038,"minecraft:walk_under_water_one_cm":36299,"minecraft:boat_one_cm":3176,"minecraft:interact_with_lectern":7,"minecraft:jump":9527,"minecraft:interact_with_brewingstand":4,"minecraft:walk_on_water_one_cm":40208,"minecraft:enchant_item":16,"minecraft:total_world_time":1939258,"minecraft:raid_trigger":1,"minecraft:sleep_in_bed":1,"minecraft:time_since_rest":400929,"minecraft:open_enderchest":21,"minecraft:damage_taken":272805,"minecraft:damage_absorbed":10674,"minecraft:damage_dealt":55958,"minecraft:interact_with_beacon":1,"minecraft:swim_one_cm":17072,"minecraft:fly_one_cm":11505350,"minecraft:player_kills":6,"minecraft:open_chest":68,"minecraft:crouch_one_cm":22526,"minecraft:aviate_one_cm":837277,"minecraft:fall_one_cm":2557639},"minecraft:mined":{"minecraft:deepslate_tiles":79,"minecraft:brewing_stand":1,"minecraft:end_stone":102,"minecraft:obsidian":1,"minecraft:grass_block":1,"minecraft:spawner":5,"minecraft:chorus_flower":1,"minecraft:magma_block":4,"minecraft:polished_basalt":75,"minecraft:fire":28,"minecraft:andesite":8,"minecraft:stone":743,"minecraft:stripped_mangrove_wood":1,"minecraft:dandelion":2,"minecraft:tall_grass":16,"minecraft:end_stone_brick_stairs":2,"minecraft:warped_planks":1,"minecraft:purpur_block":3,"minecraft:grass":86,"minecraft:polished_blackstone":74,"minecraft:crimson_fence":2,"minecraft:deepslate":91},"minecraft:used":{"minecraft:moss_block":27,"minecraft:netherite_sword":1010,"minecraft:writable_book":1,"minecraft:flint_and_steel":12,"minecraft:orange_concrete":9,"minecraft:red_concrete":8,"minecraft:suspicious_sand":34,"minecraft:polished_blackstone":15,"minecraft:redstone":78,"minecraft:elytra":1,"minecraft:polished_basalt":40,"minecraft:shield":24,"minecraft:chest":5,"minecraft:tinted_glass":339,"minecraft:ender_chest":3,"minecraft:stone":25,"minecraft:zombie_spawn_egg":4,"minecraft:netherrack":29,"minecraft:dirt":120,"minecraft:anvil":1,"minecraft:deepslate_brick_slab":2,"minecraft:oak_wood":51,"minecraft:cyan_wool":53,"minecraft:granite":3,"minecraft:snowball":144,"minecraft:blue_concrete":21,"minecraft:obsidian":16,"minecraft:shroomlight":9,"minecraft:glass":116,"minecraft:sea_lantern":58,"minecraft:lava_bucket":92,"minecraft:grass_block":209,"minecraft:red_wool":12,"minecraft:iron_block":13,"minecraft:smooth_sandstone":34,"minecraft:polished_blackstone_brick_stairs":24,"minecraft:mossy_cobblestone_slab":282,"minecraft:totem_of_undying":56,"minecraft:pink_wool":102,"minecraft:repeater":7,"minecraft:magma_block":3,"minecraft:netherite_boots":3,"minecraft:bedrock":2,"minecraft:light_gray_wool":9,"minecraft:tripwire_hook":2,"minecraft:purple_concrete":1,"minecraft:sniffer_spawn_egg":11,"minecraft:golden_carrot":48,"minecraft:bow":445,"minecraft:magenta_wool":150,"minecraft:written_book":3,"minecraft:netherite_pickaxe":1189,"minecraft:gold_block":126,"minecraft:orange_terracotta":9,"minecraft:enchanted_golden_apple":62,"minecraft:magenta_shulker_box":2,"minecraft:water_bucket":58,"minecraft:birch_planks":72,"minecraft:red_stained_glass":47,"minecraft:yellow_shulker_box":2,"minecraft:netherite_chestplate":3,"minecraft:blue_wool":51,"minecraft:ender_pearl":7,"minecraft:redstone_block":15,"minecraft:black_shulker_box":4,"minecraft:beacon":6,"minecraft:red_glazed_terracotta":5,"minecraft:stripped_mangrove_wood":68,"minecraft:golden_apple":1,"minecraft:diamond_block":62,"minecraft:sand":17,"minecraft:mangrove_trapdoor":1,"minecraft:yellow_terracotta":39,"minecraft:netherite_leggings":2,"minecraft:light_blue_concrete":2,"minecraft:tnt":35,"minecraft:crimson_trapdoor":3,"minecraft:light_blue_wool":30,"minecraft:sponge":2,"minecraft:yellow_concrete":51,"minecraft:netherite_helmet":3,"minecraft:crossbow":159,"minecraft:white_bed":2,"minecraft:dripstone_block":17,"minecraft:mangrove_sign":14,"minecraft:black_concrete_powder":64,"minecraft:end_stone":56,"minecraft:sticky_piston":12,"minecraft:deepslate_tiles":50,"minecraft:redstone_torch":3,"minecraft:netherite_block":43,"minecraft:green_concrete":10,"minecraft:lever":4,"minecraft:ender_eye":12,"minecraft:black_wool":20,"minecraft:black_concrete":385,"minecraft:firework_rocket":29,"minecraft:mangrove_door":1,"minecraft:command_block":9,"minecraft:string":7,"minecraft:verdant_froglight":29,"minecraft:netherite_axe":80,"minecraft:lectern":2,"minecraft:cyan_concrete":6,"minecraft:red_terracotta":43,"minecraft:deepslate":43,"minecraft:yellow_wool":35,"minecraft:nether_wart_block":33,"minecraft:end_crystal":5,"minecraft:pink_shulker_box":13,"minecraft:green_concrete_powder":2,"minecraft:stripped_oak_wood":5,"minecraft:red_concrete_powder":7,"minecraft:cooked_porkchop":2,"minecraft:white_stained_glass":137,"minecraft:smithing_table":3,"minecraft:bucket":41,"minecraft:splash_potion":9,"minecraft:oak_boat":2,"minecraft:purple_wool":57,"minecraft:birch_stairs":1,"minecraft:white_concrete":48,"minecraft:experience_bottle":2,"minecraft:smooth_stone":5},"minecraft:killed_by":{"minecraft:player":2,"minecraft:creeper":2,"minecraft:zombie":2}},"DataVersion":3465}