{"stats":{"minecraft:custom":{"minecraft:time_since_rest":116485,"minecraft:sprint_one_cm":93154,"minecraft:damage_taken":30,"minecraft:walk_one_cm":129686,"minecraft:mob_kills":3,"minecraft:drop":2,"minecraft:damage_dealt":150,"minecraft:fly_one_cm":1843838,"minecraft:open_barrel":1,"minecraft:crouch_one_cm":4880,"minecraft:play_time":116485,"minecraft:sneak_time":5168,"minecraft:walk_under_water_one_cm":291,"minecraft:jump":515,"minecraft:leave_game":4,"minecraft:time_since_death":116485,"minecraft:walk_on_water_one_cm":2670,"minecraft:total_world_time":116485,"minecraft:fall_one_cm":753},"minecraft:dropped":{"minecraft:dirt":2},"minecraft:used":{"minecraft:redstone_torch":8,"minecraft:sticky_piston":7,"minecraft:oak_fence":2,"minecraft:stripped_acacia_wood":1,"minecraft:water_bucket":3,"minecraft:lava_bucket":19,"minecraft:diamond_shovel":27,"minecraft:red_wool":1,"minecraft:stripped_birch_log":5,"minecraft:lantern":8,"minecraft:grass_block":144,"minecraft:oak_stairs":5,"minecraft:stone_shovel":8,"minecraft:redstone":18,"minecraft:string":15,"minecraft:tnt_minecart":103,"minecraft:tinted_glass":1,"minecraft:stone":170,"minecraft:oak_pressure_plate":1,"minecraft:barrel":11,"minecraft:polished_blackstone_bricks":64,"minecraft:tripwire_hook":5,"minecraft:repeater":4,"minecraft:diamond_sword":3,"minecraft:red_carpet":50,"minecraft:dirt":148,"minecraft:rail":2,"minecraft:white_carpet":55,"minecraft:crafting_table":2,"minecraft:furnace":4,"minecraft:jungle_planks":1,"minecraft:bucket":1,"minecraft:chain":14,"minecraft:brush":3,"minecraft:acacia_planks":3,"minecraft:axolotl_bucket":5,"minecraft:cobweb":115},"minecraft:picked_up":{"minecraft:brush":1,"minecraft:dirt":1,"minecraft:diamond_shovel":1,"minecraft:stone_shovel":1},"minecraft:killed":{"minecraft:axolotl":3}},"DataVersion":3465}