{"stats":{"minecraft:dropped":{"minecraft:gravel":1,"minecraft:crimson_nylium":4,"minecraft:red_concrete":64,"minecraft:polished_blackstone":2,"minecraft:lime_concrete":64,"minecraft:yellow_concrete":1,"minecraft:yellow_wool":1,"minecraft:netherite_chestplate":4,"minecraft:yellow_terracotta":1,"minecraft:light_gray_concrete":64,"minecraft:totem_of_undying":11,"minecraft:grass_block":13,"minecraft:netherite_leggings":4,"minecraft:black_glazed_terracotta":1,"minecraft:lava_bucket":1,"minecraft:dirt":1,"minecraft:gray_concrete":64,"minecraft:shield":1,"minecraft:black_concrete_powder":1,"minecraft:nether_wart_block":2,"minecraft:wooden_axe":1,"minecraft:lingering_potion":1,"minecraft:husk_spawn_egg":1,"minecraft:pink_shulker_box":2,"minecraft:netherite_boots":1,"minecraft:chest":1,"minecraft:wooden_sword":2,"minecraft:sand":1,"minecraft:bow":31,"minecraft:glass":3,"minecraft:black_concrete":1,"minecraft:magma_block":3,"minecraft:splash_potion":3,"minecraft:white_wool":65,"minecraft:birch_stairs":1},"minecraft:picked_up":{"minecraft:lingering_potion":1,"minecraft:netherite_boots":5,"minecraft:splash_potion":3,"minecraft:diamond_sword":1,"minecraft:shield":3,"minecraft:netherite_leggings":4,"minecraft:string":1,"minecraft:wooden_sword":1,"minecraft:glass":1,"minecraft:pink_shulker_box":7,"minecraft:bow":35,"minecraft:netherite_sword":3,"minecraft:enchanted_golden_apple":128,"minecraft:grass_block":9,"minecraft:spectral_arrow":64,"minecraft:netherite_helmet":3,"minecraft:crossbow":4,"minecraft:diamond_axe":1,"minecraft:polished_blackstone":1,"minecraft:totem_of_undying":2,"minecraft:netherite_chestplate":4,"minecraft:white_wool":1},"minecraft:broken":{"minecraft:netherite_helmet":2,"minecraft:netherite_boots":2},"minecraft:custom":{"minecraft:mob_kills":8,"minecraft:interact_with_anvil":5,"minecraft:open_shulker_box":15,"minecraft:leave_game":45,"minecraft:time_since_death":37207,"minecraft:damage_resisted":8268,"minecraft:time_since_rest":37211,"minecraft:damage_absorbed":9650,"minecraft:sprint_one_cm":471198,"minecraft:damage_taken":38741,"minecraft:walk_one_cm":668673,"minecraft:damage_blocked_by_shield":2413,"minecraft:drop":99,"minecraft:damage_dealt":8745,"minecraft:damage_dealt_absorbed":4423,"minecraft:swim_one_cm":29195,"minecraft:fly_one_cm":2659028,"minecraft:player_kills":3,"minecraft:open_chest":11,"minecraft:crouch_one_cm":80185,"minecraft:play_time":804671,"minecraft:deaths":32,"minecraft:sneak_time":21957,"minecraft:walk_under_water_one_cm":11160,"minecraft:interact_with_lectern":3,"minecraft:jump":4961,"minecraft:walk_on_water_one_cm":16504,"minecraft:enchant_item":80,"minecraft:total_world_time":804671,"minecraft:fall_one_cm":306773,"minecraft:inspect_dispenser":2},"minecraft:killed":{"minecraft:cat":1,"minecraft:pig":2,"minecraft:sniffer":4,"minecraft:zombie":1},"minecraft:mined":{"minecraft:pink_shulker_box":3,"minecraft:dandelion":1,"minecraft:grass_block":4,"minecraft:poppy":1,"minecraft:tall_grass":15,"minecraft:birch_sapling":1,"minecraft:birch_log":4,"minecraft:fire":26,"minecraft:birch_leaves":5,"minecraft:grass":109,"minecraft:oak_log":12},"minecraft:used":{"minecraft:moss_block":27,"minecraft:water_bucket":3,"minecraft:netherite_sword":721,"minecraft:diorite":19,"minecraft:enchanting_table":1,"minecraft:wither_skeleton_skull":1,"minecraft:birch_planks":21,"minecraft:red_concrete":138,"minecraft:dispenser":2,"minecraft:oak_planks":4,"minecraft:suspicious_sand":17,"minecraft:birch_wood":24,"minecraft:chest":2,"minecraft:polished_basalt":1,"minecraft:white_concrete_powder":2,"minecraft:shield":22,"minecraft:black_glazed_terracotta":22,"minecraft:redstone_block":3,"minecraft:beacon":2,"minecraft:diamond_axe":37,"minecraft:red_glazed_terracotta":5,"minecraft:white_wool":5,"minecraft:golden_apple":13,"minecraft:stripped_mangrove_wood":57,"minecraft:dirt":66,"minecraft:sand":259,"minecraft:anvil":2,"minecraft:yellow_terracotta":51,"minecraft:netherite_leggings":5,"minecraft:oak_slab":110,"minecraft:yellow_concrete":38,"minecraft:crossbow":8,"minecraft:oak_wood":462,"minecraft:lingering_potion":29,"minecraft:black_concrete_powder":73,"minecraft:deepslate_tiles":10,"minecraft:oak_log":53,"minecraft:glass":296,"minecraft:black_concrete":249,"minecraft:lava_bucket":98,"minecraft:bookshelf":47,"minecraft:iron_block":26,"minecraft:light_gray_concrete":1,"minecraft:birch_sapling":4,"minecraft:oak_stairs":6,"minecraft:grass_block":209,"minecraft:string":36,"minecraft:netherite_axe":17,"minecraft:mossy_cobblestone_slab":28,"minecraft:deepslate":19,"minecraft:red_terracotta":10,"minecraft:oak_pressure_plate":1,"minecraft:gravel":3,"minecraft:totem_of_undying":53,"minecraft:cat_spawn_egg":1,"minecraft:crimson_nylium":69,"minecraft:yellow_wool":38,"minecraft:netherite_boots":1,"minecraft:wooden_sword":4,"minecraft:nether_wart_block":471,"minecraft:diamond_sword":15,"minecraft:magma_block":352,"minecraft:red_carpet":1,"minecraft:bow":405,"minecraft:lime_concrete":13,"minecraft:red_concrete_powder":53,"minecraft:oak_sapling":26,"minecraft:pink_shulker_box":7,"minecraft:white_stained_glass":284,"minecraft:bucket":3,"minecraft:glass_pane":1,"minecraft:gold_block":133,"minecraft:dragon_head":1,"minecraft:birch_stairs":101,"minecraft:enchanted_golden_apple":56,"minecraft:bone_meal":151,"minecraft:splash_potion":177},"minecraft:killed_by":{"minecraft:player":4,"minecraft:wither":1}},"DataVersion":3465}