{"stats":{"minecraft:custom":{"minecraft:jump":284,"minecraft:time_since_rest":10447,"minecraft:sprint_one_cm":24434,"minecraft:play_time":10447,"minecraft:time_since_death":10447,"minecraft:walk_one_cm":2327,"minecraft:interact_with_beacon":3,"minecraft:sneak_time":136,"minecraft:total_world_time":18675,"minecraft:fly_one_cm":287604,"minecraft:aviate_one_cm":348750},"minecraft:used":{"minecraft:firework_rocket":15,"minecraft:beacon":2,"minecraft:cobblestone_slab":1,"minecraft:iron_block":11}},"DataVersion":3465}