{"stats":{"minecraft:dropped":{"minecraft:porkchop":1,"minecraft:diamond_axe":2,"minecraft:lime_concrete":1,"minecraft:netherite_sword":2,"minecraft:netherite_helmet":4,"minecraft:diamond_leggings":2,"minecraft:obsidian":1,"minecraft:netherite_axe":1,"minecraft:netherite_chestplate":5,"minecraft:rotten_flesh":7,"minecraft:enchanted_golden_apple":120,"minecraft:netherite_shovel":2,"minecraft:ender_eye":2,"minecraft:totem_of_undying":12,"minecraft:grass_block":1,"minecraft:golden_apple":50,"minecraft:netherite_leggings":7,"minecraft:diamond_sword":2,"minecraft:dirt":1,"minecraft:shield":2,"minecraft:gunpowder":4,"minecraft:golden_carrot":128,"minecraft:diamond_chestplate":2,"minecraft:sculk_catalyst":3,"minecraft:diamond_pickaxe":2,"minecraft:mutton":4,"minecraft:netherite_boots":5,"minecraft:diamond_helmet":2,"minecraft:diamond_boots":2,"minecraft:arrow":253,"minecraft:bow":4,"minecraft:black_concrete":1,"minecraft:white_wool":5,"minecraft:splash_potion":14},"minecraft:picked_up":{"minecraft:netherite_boots":6,"minecraft:splash_potion":6,"minecraft:diamond_sword":1,"minecraft:gunpowder":4,"minecraft:netherite_leggings":7,"minecraft:netherite_scrap":1,"minecraft:netherite_ingot":1,"minecraft:pink_shulker_box":1,"minecraft:bow":4,"minecraft:wheat_seeds":1,"minecraft:diamond_leggings":1,"minecraft:netherite_sword":2,"minecraft:ender_eye":7,"minecraft:diamond_helmet":1,"minecraft:enchanted_golden_apple":4,"minecraft:verdant_froglight":1,"minecraft:phantom_membrane":1,"minecraft:sculk_catalyst":3,"minecraft:lime_concrete":1,"minecraft:porkchop":1,"minecraft:netherite_shovel":1,"minecraft:redstone":1,"minecraft:arrow":56,"minecraft:rotten_flesh":9,"minecraft:diamond_chestplate":1,"minecraft:netherite_helmet":5,"minecraft:diamond_boots":1,"minecraft:diamond_axe":1,"minecraft:totem_of_undying":5,"minecraft:netherite_chestplate":5,"minecraft:obsidian":1,"minecraft:mutton":4,"minecraft:white_wool":5,"minecraft:ender_pearl":3,"minecraft:diamond_pickaxe":1},"minecraft:broken":{"minecraft:netherite_helmet":1},"minecraft:killed":{"minecraft:pig":4,"minecraft:creeper":1,"minecraft:phantom":2,"minecraft:sheep":3,"minecraft:pillager":1,"minecraft:zombie":8,"minecraft:illusioner":1,"minecraft:warden":3,"minecraft:enderman":19,"minecraft:blaze":1},"minecraft:custom":{"minecraft:interact_with_smithing_table":4,"minecraft:mob_kills":45,"minecraft:open_shulker_box":10,"minecraft:leave_game":9,"minecraft:time_since_death":37590,"minecraft:damage_resisted":958,"minecraft:time_since_rest":37598,"minecraft:sprint_one_cm":168793,"minecraft:damage_absorbed":1428,"minecraft:damage_taken":9034,"minecraft:walk_one_cm":342536,"minecraft:damage_blocked_by_shield":410,"minecraft:drop":114,"minecraft:damage_dealt":32735,"minecraft:damage_dealt_absorbed":721,"minecraft:swim_one_cm":10953,"minecraft:fly_one_cm":3104946,"minecraft:open_chest":26,"minecraft:crouch_one_cm":22109,"minecraft:play_time":268051,"minecraft:sneak_time":8215,"minecraft:deaths":4,"minecraft:walk_under_water_one_cm":2580,"minecraft:jump":2273,"minecraft:walk_on_water_one_cm":8128,"minecraft:total_world_time":268051,"minecraft:fall_one_cm":29256},"minecraft:mined":{"minecraft:grass_block":2,"minecraft:tall_grass":3,"minecraft:verdant_froglight":1,"minecraft:fire":24,"minecraft:grass":21,"minecraft:yellow_shulker_box":1},"minecraft:used":{"minecraft:netherite_sword":259,"minecraft:netherite_chestplate":3,"minecraft:ender_pearl":3,"minecraft:shield":2,"minecraft:sniffer_egg":1,"minecraft:stone":1,"minecraft:zombie_spawn_egg":12,"minecraft:golden_apple":14,"minecraft:dirt":2,"minecraft:netherite_leggings":3,"minecraft:crossbow":10,"minecraft:netherite_helmet":3,"minecraft:lingering_potion":1,"minecraft:black_concrete_powder":4,"minecraft:obsidian":2,"minecraft:warden_spawn_egg":3,"minecraft:creeper_spawn_egg":1,"minecraft:ender_eye":3,"minecraft:diamond_pickaxe":1,"minecraft:black_concrete":25,"minecraft:zombie_head":1,"minecraft:grass_block":2,"minecraft:netherite_axe":13,"minecraft:verdant_froglight":1,"minecraft:totem_of_undying":15,"minecraft:netherite_boots":3,"minecraft:diamond_sword":3,"minecraft:lime_concrete":1,"minecraft:bow":73,"minecraft:pink_shulker_box":1,"minecraft:enchanted_golden_apple":11,"minecraft:splash_potion":13},"minecraft:killed_by":{"minecraft:warden":1,"minecraft:player":2}},"DataVersion":3465}